,amp,camera,cti_x,cti_x_err,cti_y,cti_y_err,inter_x,inter_x_err,inter_y,inter_y_err,n_hits,slope_x,slope_x_err,slope_y,slope_y_err
0,0,1,6.797454546955002e-06,2.673493053503997e-08,-7.83399245944717e-07,1.5138752810199502e-08,1612.1398288547298,0.0008428207053214234,1623.1134093229273,0.0012335543544499086,15925,0.011011876366067104,1.0760601969015156e-06,-0.0012691067784304415,6.093230468070971e-07
1,1,1,3.1377706058981466e-06,3.446122846481741e-08,-1.5193433000148048e-06,1.7225512088700663e-08,1616.748920896864,0.0011237572986512287,1625.7097979312077,0.0013947054367180172,13113,0.0050831883815549974,1.387037689838684e-06,-0.002461336146023984,6.933134875964233e-07
2,0,2,-1.1596705783762612e-05,4.186906931340194e-08,2.3122918365502787e-06,1.589812174772231e-08,1634.9448969081031,0.0012800783295468495,1613.733683301618,0.0013266904961533954,4071,-0.018786663369695433,1.6851975325095095e-06,0.003745912775211451,6.398870569645474e-07
3,1,2,4.256481653426578e-06,3.270218595241182e-08,-4.512300720796274e-07,1.0882516504608745e-08,1619.909673202749,0.0005228041080738042,1623.6430155276385,0.0009444865880391136,4415,0.006895500278551056,1.3162375944437678e-06,-0.0007309927167689963,4.3801284007023403e-07
4,0,3,-1.33003662524351e-06,1.9976818854828406e-08,2.6957670308070976e-06,9.879714410073667e-09,1622.049135822216,0.0005853136861510988,1611.2998508331211,0.0008585223962182599,15308,-0.0021546593328944865,8.040514488047247e-07,0.004367142589907498,3.9765083434576115e-07
5,1,3,-9.313634919009857e-07,1.3895154476305925e-08,7.731778237051962e-07,8.165323868091352e-09,1621.8093080082617,0.00026770603973988525,1618.5606708799316,0.0007063172726304404,21010,-0.0015088088568795967,5.592691794038497e-07,0.0012525480744024178,3.2864794609236824e-07
6,2,3,-3.481912356803217e-06,1.9057855981876514e-08,1.10943559399426e-06,9.131600951996635e-09,1624.7406519694564,0.000557716504158391,1616.9619587450647,0.0008031766378575189,14498,-0.005640698018021212,7.67063906655784e-07,0.0017972856622707012,3.675398484971929e-07
7,3,3,3.6645249480038795e-06,1.4029410058775142e-08,1.597404084769366e-07,7.941802250105032e-09,1617.7047679212783,0.0002778731510149359,1619.6327470065273,0.0007001512510038457,19041,0.005936530415766285,5.646728623615297e-07,0.00025877946173263726,3.196513745117215e-07
